<?xml version="1.0" encoding="UTF-8"?>
<!DOCTYPE fontscolors PUBLIC "-//NetBeans//DTD Editor Fonts and Colors settings 1.1//EN" "http://www.netbeans.org/dtds/EditorFontsColors-1_1.dtd">
<fontscolors>
    <fontcolor name="org-netbeans-modules-cnd-navigation-is_overridden_combined"/>
    <fontcolor bgColor="fffc9d9f" name="Dbx_Bpt_broken"/>
    <fontcolor bgColor="ff990000" name="editor-bookmark"/>
    <fontcolor bgColor="ffbde6aa" name="Dbx_Bpt_hit_broken"/>
    <fontcolor bgColor="ff2cb7b3" name="de-foopara-phpcsmd-annotation-phpmd-complex-severity"/>
    <fontcolor bgColor="fffc9d9f" name="Dbx_Bpt_compound"/>
    <fontcolor bgColor="ffff9090" name="de-foopara-phpcsmd-annotation-phpcs-forbidden"/>
    <fontcolor bgColor="fffc9d9f" name="Dbx_Bpt"/>
    <fontcolor bgColor="ff2cb7b3" name="de-foopara-phpcsmd-annotation-phpcs-complex-severity"/>
    <fontcolor bgColor="fffc9d9f" name="Dbx_Bpt_cmpx_broken"/>
    <fontcolor bgColor="cyan" name="de-foopara-phpcsmd-annotation-phpcpd-violation-severity"/>
    <fontcolor bgColor="ffdcdcd8" name="Dbx_Bpt_cmpx_hit_dis"/>
    <fontcolor name="org-netbeans-modules-cnd-navigation-is_overridden"/>
    <fontcolor name="org-netbeans-modules-cnd-cpp-parser_annotation_err" waveUnderlined="red"/>
    <fontcolor bgColor="ffcccccc" name="de-foopara-phpcsmd-annotation-phpcs-unreachable"/>
    <fontcolor bgColor="ff003333" name="de-foopara-phpcsmd-annotation-phpcpd-violation"/>
    <fontcolor bgColor="ffbde6aa" name="Dbx_Bpt_cmpx_hit_broken"/>
    <fontcolor bgColor="ffdcdcd8" name="Dbx_Bpt_dis"/>
    <fontcolor name="org-netbeans-modules-cnd-navigation-specializes"/>
    <fontcolor bgColor="ffff9090" name="de-foopara-phpcsmd-annotation-phpcs-forbidden-severity"/>
    <fontcolor bgColor="ffdcdcd8" name="Dbx_Bpt_broken_dis"/>
    <fontcolor name="org-netbeans-modules-cnd-navigation-overrides_pseudo"/>
    <fontcolor name="org-netbeans-modules-cnd-navigation-is_overridden_combined_pseudo"/>
    <fontcolor name="org-netbeans-modules-cnd-navigation-extended_is_specialized"/>
    <fontcolor name="org-netbeans-modules-cnd-navigation-is_specialized"/>
    <fontcolor bgColor="ffbde6aa" name="Dbx_Bpt_cmpx_hit"/>
    <fontcolor name="org-netbeans-modules-cnd-navigation-overrides"/>
    <fontcolor bgColor="ffdcdcd8" name="Dbx_Bpt_cmpx_dis"/>
    <fontcolor bgColor="ff330033" name="de-foopara-phpcsmd-annotation-phpcs-warning"/>
    <fontcolor bgColor="ffdcdcd8" name="Dbx_Bpt_hit_broken_dis"/>
    <fontcolor name="org-netbeans-modules-cnd-navigation-is_overridden_pseudo"/>
    <fontcolor bgColor="ffffc0ff" name="de-foopara-phpcsmd-annotation-phpmd-violation"/>
    <fontcolor bgColor="black" foreColor="darkGray" name="de-foopara-phpcsmd-annotation-phpcs-warning-severity" waveUnderlined="lightGray"/>
    <fontcolor bgColor="ffdcdcd8" name="Dbx_Bpt_cmpx_broken_dis"/>
    <fontcolor bgColor="ffeeeeee" name="de-foopara-phpcsmd-annotation-phpcs-comment-severity"/>
    <fontcolor bgColor="ff2cb7b3" name="de-foopara-phpcsmd-annotation-phpmd-complex"/>
    <fontcolor bgColor="ffffc0ff" name="de-foopara-phpcsmd-annotation-phpmd-violation-severity"/>
    <fontcolor bgColor="ffbde6aa" name="Dbx_Bpt_hit"/>
    <fontcolor bgColor="ffeeeeee" name="de-foopara-phpcsmd-annotation-phpcs-comment"/>
    <fontcolor bgColor="ffdcdcd8" name="Dbx_Bpt_cmpx_hit_broken_dis"/>
    <fontcolor bgColor="ff2cb7b3" name="de-foopara-phpcsmd-annotation-phpcs-complex"/>
    <fontcolor bgColor="ff330000" name="de-foopara-phpcsmd-annotation-phpcs-error"/>
    <fontcolor bgColor="ffbde6aa" name="Dbx_Bpt_compound_hit"/>
    <fontcolor name="PHPWarning" waveUnderlined="ffc0c000"/>
    <fontcolor name="PHPNotice" waveUnderlined="ffc0c000"/>
    <fontcolor bgColor="ffdcdcd8" name="Dbx_Bpt_hit_dis"/>
    <fontcolor bgColor="ff660000" name="de-foopara-phpcsmd-annotation-phpcs-error-severity"/>
    <fontcolor bgColor="fffc9d9f" name="Dbx_Bpt_cmpx"/>
    <fontcolor name="org-netbeans-modules-cnd-highligh-semantic-markoccurrences"/>
    <fontcolor bgColor="ffcccccc" name="de-foopara-phpcsmd-annotation-phpcs-unreachable-severity"/>
    <fontcolor bgColor="ffbde6aa" name="Dbx_PC"/>
    <fontcolor name="org-netbeans-modules-cnd-navigation-extended_specializes"/>
    <fontcolor name="PHPError" waveUnderlined="red"/>
</fontscolors>
