<?xml version="1.0" encoding="UTF-8"?>
<!DOCTYPE fontscolors PUBLIC "-//NetBeans//DTD Editor Fonts and Colors settings 1.1//EN" "http://www.netbeans.org/dtds/EditorFontsColors-1_1.dtd">
<fontscolors>
    <fontcolor name="org-netbeans-modules-cnd-navigation-is_overridden_combined"/>
    <fontcolor bgColor="ffdcdcd8" name="OtherThreads_DBP"/>
    <fontcolor bgColor="fffc9d9f" name="Dbx_Bpt_broken"/>
    <fontcolor bgColor="ffbde6aa" name="Dbx_Bpt_hit_broken"/>
    <fontcolor bgColor="ff2cb7b3" name="de-foopara-phpcsmd-annotation-phpmd-complex-severity"/>
    <fontcolor bgColor="ffff9090" name="de-foopara-phpcsmd-annotation-phpcs-forbidden"/>
    <fontcolor bgColor="fffc9d9f" name="Breakpoint"/>
    <fontcolor bgColor="ffdcdcd8" name="DisabledBreakpoint"/>
    <fontcolor name="org-netbeans-spi-editor-hints-parser_annotation_err_fixable"/>
    <fontcolor bgColor="ffbde6aa" name="CurrentPCLinePart"/>
    <fontcolor bgColor="cyan" name="de-foopara-phpcsmd-annotation-phpcpd-violation-severity"/>
    <fontcolor name="org-netbeans-modules-cnd-navigation-is_overridden"/>
    <fontcolor name="org-netbeans-modules-editor-annotations-implements-has-implementations-combined"/>
    <fontcolor bgColor="cyan" name="de-foopara-phpcsmd-annotation-phpcpd-violation"/>
    <fontcolor bgColor="ffbde6aa" name="Dbx_Bpt_cmpx_hit_broken"/>
    <fontcolor bgColor="ffe9ffe6" name="CurrentExpressionLine_DBP"/>
    <fontcolor name="org-netbeans-modules-git-Annotation"/>
    <fontcolor name="org-netbeans-spi-editor-hints-parser_annotation_err"/>
    <fontcolor bgColor="ffdcdcd8" name="debugger-multi_DBPCBP"/>
    <fontcolor bgColor="ffdcdcd8" name="Breakpoint_broken"/>
    <fontcolor bgColor="ffff9090" name="de-foopara-phpcsmd-annotation-phpcs-forbidden-severity"/>
    <fontcolor name="org-netbeans-modules-cnd-navigation-overrides_pseudo"/>
    <fontcolor name="org-netbeans-modules-cnd-navigation-extended_is_specialized"/>
    <fontcolor bgColor="ffbde6aa" name="debugger-PC_mixedBP"/>
    <fontcolor bgColor="ffbde6aa" name="OtherThreads_PC_BP"/>
    <fontcolor bgColor="ffbde6aa" name="CurrentPC2"/>
    <fontcolor name="org-netbeans-modules-cnd-navigation-is_specialized"/>
    <fontcolor bgColor="ffbde6aa" name="OtherThreads_BP_broken"/>
    <fontcolor bgColor="ffbde6aa" name="Dbx_Bpt_cmpx_hit"/>
    <fontcolor name="org-netbeans-spi-editor-hints-parser_annotation_warn"/>
    <fontcolor bgColor="ffbde6aa" name="debugger-PC_BP_stroke"/>
    <fontcolor name="org-netbeans-modules-cnd-navigation-overrides"/>
    <fontcolor bgColor="ffdcdcd8" name="Dbx_Bpt_cmpx_dis"/>
    <fontcolor name="org-netbeans-spi-editor-hints-parser_annotation_todo"/>
    <fontcolor bgColor="ffffffcf" name="de-foopara-phpcsmd-annotation-phpcs-warning"/>
    <fontcolor bgColor="ffdcdcd8" name="DisabledBreakpoint_stroke"/>
    <fontcolor name="org-netbeans-modules-cnd-navigation-is_overridden_pseudo"/>
    <fontcolor bgColor="ffb4e4fc" name="loadgenProfilingPoint"/>
    <fontcolor bgColor="ffffc0ff" name="de-foopara-phpcsmd-annotation-phpmd-violation"/>
    <fontcolor bgColor="ffffffcf" foreColor="darkGray" name="de-foopara-phpcsmd-annotation-phpcs-warning-severity" waveUnderlined="lightGray"/>
    <fontcolor bgColor="ff2cb7b3" name="de-foopara-phpcsmd-annotation-phpmd-complex"/>
    <fontcolor bgColor="fffc9d9f" name="debugger-mixed_BP"/>
    <fontcolor bgColor="ffbde6aa" name="debugger-PC_DCBP"/>
    <fontcolor bgColor="ffeeeeee" name="de-foopara-phpcsmd-annotation-phpcs-comment"/>
    <fontcolor name="org-netbeans-spi-editor-hints-parser_annotation_warn_fixable"/>
    <fontcolor bgColor="ffe7e1ef" name="CallSite"/>
    <fontcolor bgColor="ffbde6aa" name="OtherThread_PC"/>
    <fontcolor bgColor="ffbde6aa" name="CurrentPC"/>
    <fontcolor name="PHPNotice" waveUnderlined="ffc0c000"/>
    <fontcolor bgColor="ffbde6aa" name="debugger-PC_multi_BPCBP"/>
    <fontcolor bgColor="ffffc0c0" name="de-foopara-phpcsmd-annotation-phpcs-error-severity"/>
    <fontcolor bgColor="ffbde6aa" name="debugger-PC_CBP"/>
    <fontcolor name="org-netbeans-spi-editor-hints-parser_annotation_verifier"/>
    <fontcolor bgColor="ffbde6aa" name="debugger-PC_DBP_stroke"/>
    <fontcolor bgColor="ffbde6aa" name="debugger-PC_multi_DBPCBP"/>
    <fontcolor bgColor="fffc9d9f" name="Dbx_Bpt_cmpx"/>
    <fontcolor bgColor="ffcccccc" name="de-foopara-phpcsmd-annotation-phpcs-unreachable-severity"/>
    <fontcolor name="org-netbeans-modules-editor-annotations-override-is-overridden-combined"/>
    <fontcolor bgColor="ffbde6aa" name="debugger-PC_multi_BPCBP_broken"/>
    <fontcolor bgColor="ffdcdcd8" name="CondBreakpoint_broken"/>
    <fontcolor bgColor="ffe9ffe6" name="CurrentExpressionLine_BP"/>
    <fontcolor bgColor="ffdcdcd8" name="Breakpoint_stroke"/>
    <fontcolor bgColor="ffb4e4fc" name="resetResultsProfilingPoint"/>
    <fontcolor bgColor="ffdcdcd8" name="debugger-mixed_BP_broken"/>
    <fontcolor bgColor="ffdcdcd8" name="CondBreakpoint_stroke"/>
    <fontcolor bgColor="fffc9d9f" name="OtherThreads_BP"/>
    <fontcolor name="org-netbeans-modules-subversion-Annotation"/>
    <fontcolor name="PHPError" waveUnderlined="red"/>
    <fontcolor name="OtherThread"/>
    <fontcolor bgColor="ffe9ffe6" name="CurrentExpressionLine_DCBP"/>
    <fontcolor bgColor="ff990000" name="editor-bookmark"/>
    <fontcolor bgColor="ffbde6aa" name="debugger-PC_BP_broken"/>
    <fontcolor bgColor="ffdcdcd8" name="DisabledCondBreakpoint"/>
    <fontcolor bgColor="ffb4e4fc" name="stopwatchProfilingPoint"/>
    <fontcolor bgColor="ffe9ffe6" name="CurrentExpressionLine_CBP"/>
    <fontcolor bgColor="ffbde6aa" name="debugger-PC_mixedBP_broken"/>
    <fontcolor bgColor="fffc9d9f" name="Dbx_Bpt_compound"/>
    <fontcolor bgColor="ffdcdcd8" name="loadgenProfilingPointD"/>
    <fontcolor bgColor="ffdcdcd8" name="debugger-multi_BPCBP_broken"/>
    <fontcolor bgColor="fffc9d9f" name="Dbx_Bpt"/>
    <fontcolor bgColor="ff2cb7b3" name="de-foopara-phpcsmd-annotation-phpcs-complex-severity"/>
    <fontcolor bgColor="fffc9d9f" name="Dbx_Bpt_cmpx_broken"/>
    <fontcolor bgColor="ffdcdcd8" name="Dbx_Bpt_cmpx_hit_dis"/>
    <fontcolor bgColor="fffc9d9f" name="debugger-multi_BPCBP"/>
    <fontcolor bgColor="ffbde6aa" name="debugger-PC_BP"/>
    <fontcolor name="org-netbeans-modules-cnd-cpp-parser_annotation_err" waveUnderlined="red"/>
    <fontcolor bgColor="ffdcdcd8" name="DisabledCondBreakpoint_stroke"/>
    <fontcolor bgColor="ffcccccc" name="de-foopara-phpcsmd-annotation-phpcs-unreachable"/>
    <fontcolor bgColor="ffdcdcd8" name="Dbx_Bpt_dis"/>
    <fontcolor name="org-netbeans-spi-editor-hints-parser_annotation_hint_fixable"/>
    <fontcolor name="org-netbeans-modules-cnd-navigation-specializes"/>
    <fontcolor bgColor="ffdcdcd8" name="OtherThread_DBP"/>
    <fontcolor bgColor="ffdcdcd8" name="Dbx_Bpt_broken_dis"/>
    <fontcolor name="org-netbeans-modules-cnd-navigation-is_overridden_combined_pseudo"/>
    <fontcolor name="org-netbeans-modules-editor-annotations-implements-is-overridden-combined"/>
    <fontcolor bgColor="ffb4e4fc" name="takeSnapshotProfilingPoint"/>
    <fontcolor bgColor="ffbde6aa" name="debugger-PC_DCBP_stroke"/>
    <fontcolor bgColor="ffbde6aa" name="OtherThread_BP_broken"/>
    <fontcolor name="org-lomatek-jslint-jslinterrorannotation" waveUnderlined="red"/>
    <fontcolor name="org-netbeans-modules-editor-annotations-is_overridden"/>
    <fontcolor bgColor="ffdcdcd8" name="Dbx_Bpt_hit_broken_dis"/>
    <fontcolor name="org-netbeans-modules-editor-annotations-overrides"/>
    <fontcolor bgColor="ffdcdcd8" name="Dbx_Bpt_cmpx_broken_dis"/>
    <fontcolor bgColor="ffe9ffe6" name="CurrentExpressionLine"/>
    <fontcolor bgColor="ffdcdcd8" name="CurrentPC2_DBP"/>
    <fontcolor bgColor="ffeeeeee" name="de-foopara-phpcsmd-annotation-phpcs-comment-severity"/>
    <fontcolor bgColor="ffdcdcd8" name="resetResultsProfilingPointD"/>
    <fontcolor bgColor="ffffc0ff" name="de-foopara-phpcsmd-annotation-phpmd-violation-severity"/>
    <fontcolor name="org-netbeans-spi-editor-hints-parser_annotation_verifier_fixable"/>
    <fontcolor bgColor="ffbde6aa" name="Dbx_Bpt_hit"/>
    <fontcolor bgColor="ffdcdcd8" name="Dbx_Bpt_cmpx_hit_broken_dis"/>
    <fontcolor bgColor="ff2cb7b3" name="de-foopara-phpcsmd-annotation-phpcs-complex"/>
    <fontcolor bgColor="ffbde6aa" name="debugger-PC_CBP_stroke"/>
    <fontcolor name="org-netbeans-modules-mercurial-Annotation"/>
    <fontcolor bgColor="ffbde6aa" name="CurrentPC2LinePart"/>
    <fontcolor bgColor="ffdcdcd8" name="takeSnapshotProfilingPointD"/>
    <fontcolor bgColor="ffffc0c0" name="de-foopara-phpcsmd-annotation-phpcs-error"/>
    <fontcolor bgColor="fffc9d9f" name="OtherThread_BP"/>
    <fontcolor name="org-netbeans-modules-versioning-annotate-Annotation"/>
    <fontcolor bgColor="ffbde6aa" name="Dbx_Bpt_compound_hit"/>
    <fontcolor bgColor="ffbde6aa" name="debugger-PC_CBP_broken"/>
    <fontcolor bgColor="ffdcdcd8" name="stopwatchProfilingPointD"/>
    <fontcolor name="org-netbeans-spi-editor-hints-parser_annotation_hint"/>
    <fontcolor name="PHPWarning" waveUnderlined="ffc0c000"/>
    <fontcolor bgColor="ffdcdcd8" name="Dbx_Bpt_hit_dis"/>
    <fontcolor bgColor="ffbde6aa" name="debugger-PC_DBP"/>
    <fontcolor bgColor="fffc9d9f" name="CondBreakpoint"/>
    <fontcolor bgColor="fffc9d9f" name="CurrentPC2_BP"/>
    <fontcolor name="org-netbeans-modules-cnd-highligh-semantic-markoccurrences"/>
    <fontcolor bgColor="ffbde6aa" name="Dbx_PC"/>
    <fontcolor name="org-netbeans-modules-editor-annotations-has_implementations"/>
    <fontcolor bgColor="ffbde6aa" name="OtherThread_PC_BP"/>
    <fontcolor name="org-netbeans-spi-editor-hints-parser_annotation_todo_fixable"/>
    <fontcolor bgColor="ffffa0a0" name="org-netbeans-modules-xml-error"/>
    <fontcolor name="OtherThreads"/>
    <fontcolor bgColor="ffd1ffbc" name="CurrentExpression"/>
    <fontcolor name="org-netbeans-modules-editor-annotations-implements"/>
    <fontcolor name="org-netbeans-modules-cnd-navigation-extended_specializes"/>
</fontscolors>
